well,part,description,type,left,right,conc (nM),date,numvalue,sequence,circular,5pend,3pend,length
O1,Lnt5-X,assembled with BsaI,,,,30,12/1/2018,,gagccaactccctttacaacctcactcaagtccgttagagggagcaatacgcaaaccgcctctccccgcgcgttggccgattcattaatgcagctggcacgacaggtttcccgactggaaagcgggcagtgagcgcaacgcaattaatgtgagttagctcactcattaggcaccccaggctttacactttatgcttccggctcgtatgttgtgtggaattgtgagcggataacaatttcacacatactggtggaggtgtagaggtgtaggagtgaggtgaggatgggatgtggagatgatggaggtgaggtggaggtgaggtgagggtaggtacggtcggtaccaaagacgaacaataagacgctgaaaagcgtcttttttcgttttggtcccggcttccaggatacatagattaccacaactccgagcccttccacc,FALSE,0,0,438
O2,Bqinscaff4-5,assembled with BsaI,,,,30,12/1/2018,,ctgacctcctgccagcaatagtaagacaacacgcaaagtcggagacattgattatttgcacggcgtcacactttgctatgccatagcatttttatccataagattagcggatcctacctgacgctttttatcgcaactctctactgtttctccataccgtttttttgggctagctactaactttcagtttagcggtctgttttagagctaaccctcacctcacctccacctcacctccatcatctccacatagcaagttaaaataaggctagtccgttatcaactttcccatcctcacctcactcctacacctctacacctccaccaagtggcaccgagtcggtgcttttttaggtccaattattgaacacccttcggggtgtttttttgtttctggtctgccgcttgagccaactccctttacaacctcactcaagtccgttagag,FALSE,0,0,447
O3,Lvtrig5-x,assembled with BsaI,,,,30,12/1/2018,,gagccaactccctttacaacctcactcaagtccgttagagggagcaatacgcaaaccgcctctccccgcgcgttggccgattcattaatgcagctggcacgacaggtttcccgactggaaagcgggcagtgagcgcaacgcaattaatgtgagttagctcactcattaggcaccccaggctttacactttatgcttccggctcgtatgttgtgtggaattgtgagcggataacaatttcacacatactgtgcttatgtgaatggtgaaattgtggtaaggtttcacggaacacgggatctgaaactttctcgaatagcaggtacggtcggtaccaaagacgaacaataagacgctgaaaagcgtcttttttcgttttggtcccggcttccaggatacatagattaccacaactccgagcccttccacc,FALSE,0,0,428
O4,Bqivscaff4-5,assembled with BsaI,,,,30,12/1/2018,,ctgacctcctgccagcaatagtaagacaacacgcaaagtcggagacattgattatttgcacggcgtcacactttgctatgccatagcatttttatccataagattagcggatcctacctgacgctttttatcgcaactctctactgtttctccataccgtttttttgggctagctactaactttcagtttagcggtctgttttagagctagctattcgagaaagtttcagatcccgtgttccgtgtagcaagttaaaataaggctagtccgttatcaacttaaaccttaccacaatttcaccattcacataagcacaagtggcaccgagtcggtgcttttttaggtccaattattgaacacccttcggggtgtttttttgtttctggtctgccgcttgagccaactccctttacaacctcactcaagtccgttagag,FALSE,0,0,437
O5,Lntrig8-x,assembled with BsaI,,,,30,12/1/2018,,cctcgtctcaaccaaagcaatcaacccatcaaccacctggggagcaatacgcaaaccgcctctccccgcgcgttggccgattcattaatgcagctggcacgacaggtttcccgactggaaagcgggcagtgagcgcaacgcaattaatgtgagttagctcactcattaggcaccccaggctttacactttatgcttccggctcgtatgttgtgtggaattgtgagcggataacaatttcacacatactggtggaggtgtagaggtgtaggagtgaggtgaggatgggatgtggagatgatggaggtgaggtggaggtgaggtgagggtaggtacggtcggtaccaaagacgaacaataagacgctgaaaagcgtcttttttcgttttggtcccggcttccaggatacatagattaccacaactccgagcccttccacc,FALSE,0,0,438
O6,Lvtrig8-x,assembled with BsaI,,,,30,12/1/2018,,cctcgtctcaaccaaagcaatcaacccatcaaccacctggggagcaatacgcaaaccgcctctccccgcgcgttggccgattcattaatgcagctggcacgacaggtttcccgactggaaagcgggcagtgagcgcaacgcaattaatgtgagttagctcactcattaggcaccccaggctttacactttatgcttccggctcgtatgttgtgtggaattgtgagcggataacaatttcacacatactgtgcttatgtgaatggtgaaattgtggtaaggtttcacggaacacgggatctgaaactttctcgaatagcaggtacggtcggtaccaaagacgaacaataagacgctgaaaagcgtcttttttcgttttggtcccggcttccaggatacatagattaccacaactccgagcccttccacc,FALSE,0,0,428
O7,Bg1nscaff6-7,assembled with BsaI,,,,30,12/1/2018,,ctcgttcgctgccacctaagaatactctacggtcacatacggagacattgattatttgcacggcgtcacactttgctatgccatagcatttttatccataagattagcggatcctacctgacgctttttatcgcaactctctactgtttctccataccgtttttttgggctagctactgttgaccagacaaacccattgttttagagctaaccctcacctcacctccacctcacctccatcatctccacatagcaagttaaaataaggctagtccgttatcaactttcccatcctcacctcactcctacacctctacacctccaccaagtggcaccgagtcggtgcttttttaggttctcggtaccaaattccagaaaagagacgctttcgagcgtcttttttcgttttggtccgcttcaagacgctggctctgacatttccgctactgaactactcg,FALSE,0,0,458
O8,Cg2nscaff7-8,assembled with BsaI,,,,30,12/1/2018,,caagacgctggctctgacatttccgctactgaactactcgggagaacgatcgttggctgccctttgtgcgtccaaacggacgcacggcgctctaaagcgggtcgcgatctttcagattcgctcctcgcgctttcagtctttgttttggcgcatgtcgttatcgcaaaaccgctgcacacttttgcgcgacatgctctgatccccctcatctgggggggcctatctgagggaatttccgatccggctcgcctgaaccattctgctttccacgaacttgaaaacgcttactgttgaccagacaaacctagtgttttagagctaaccctcacctcacctccacctcacctccatcatctccacatagcaagttaaaataaggctagtccgttatcaactttcccatcctcacctcactcctacacctctacacctccaccaagtggcaccgagtcggtgcttttttaggtccaattattgaacacccttcggggtgtttttttgtttctggtctgccgcttcctcgtctcaaccaaagcaatcaacccatcaaccacctgg,FALSE,0,0,558
O9,Bg1vscaff6-7,assembled with BsaI,,,,30,12/1/2018,,ctcgttcgctgccacctaagaatactctacggtcacatacggagacattgattatttgcacggcgtcacactttgctatgccatagcatttttatccataagattagcggatcctacctgacgctttttatcgcaactctctactgtttctccataccgtttttttgggctagctactgttgaccagacaaacccattgttttagagctagctattcgagaaagtttcagatcccgtgttccgtgtagcaagttaaaataaggctagtccgttatcaacttaaaccttaccacaatttcaccattcacataagcacaagtggcaccgagtcggtgcttttttaggttctcggtaccaaattccagaaaagagacgctttcgagcgtcttttttcgttttggtccgcttcaagacgctggctctgacatttccgctactgaactactcg,FALSE,0,0,448
O10,Cg2vscaff7-8,assembled with BsaI,,,,30,12/1/2018,,caagacgctggctctgacatttccgctactgaactactcgggagaacgatcgttggctgccctttgtgcgtccaaacggacgcacggcgctctaaagcgggtcgcgatctttcagattcgctcctcgcgctttcagtctttgttttggcgcatgtcgttatcgcaaaaccgctgcacacttttgcgcgacatgctctgatccccctcatctgggggggcctatctgagggaatttccgatccggctcgcctgaaccattctgctttccacgaacttgaaaacgcttactgttgaccagacaaacctagtgttttagagctagctattcgagaaagtttcagatcccgtgttccgtgtagcaagttaaaataaggctagtccgttatcaacttaaaccttaccacaatttcaccattcacataagcacaagtggcaccgagtcggtgcttttttaggtccaattattgaacacccttcggggtgtttttttgtttctggtctgccgcttcctcgtctcaaccaaagcaatcaacccatcaaccacctgg,FALSE,0,0,548
O11,Cg1nscaff6-7,assembled with BsaI,,,,30,12/1/2018,,ctcgttcgctgccacctaagaatactctacggtcacatacggagaacgatcgttggctgccctttgtgcgtccaaacggacgcacggcgctctaaagcgggtcgcgatctttcagattcgctcctcgcgctttcagtctttgttttggcgcatgtcgttatcgcaaaaccgctgcacacttttgcgcgacatgctctgatccccctcatctgggggggcctatctgagggaatttccgatccggctcgcctgaaccattctgctttccacgaacttgaaaacgcttactgttgaccagacaaacccattgttttagagctaaccctcacctcacctccacctcacctccatcatctccacatagcaagttaaaataaggctagtccgttatcaactttcccatcctcacctcactcctacacctctacacctccaccaagtggcaccgagtcggtgcttttttaggttctcggtaccaaattccagaaaagagacgctttcgagcgtcttttttcgttttggtccgcttcaagacgctggctctgacatttccgctactgaactactcg,FALSE,0,0,569
O12,Bg2nscaff7-8,assembled with BsaI,,,,30,12/1/2018,,caagacgctggctctgacatttccgctactgaactactcgggagacattgattatttgcacggcgtcacactttgctatgccatagcatttttatccataagattagcggatcctacctgacgctttttatcgcaactctctactgtttctccataccgtttttttgggctagctactgttgaccagacaaacctagtgttttagagctaaccctcacctcacctccacctcacctccatcatctccacatagcaagttaaaataaggctagtccgttatcaactttcccatcctcacctcactcctacacctctacacctccaccaagtggcaccgagtcggtgcttttttaggtccaattattgaacacccttcggggtgtttttttgtttctggtctgccgcttcctcgtctcaaccaaagcaatcaacccatcaaccacctgg,FALSE,0,0,447
O13,Cg1vscaff6-7,assembled with BsaI,,,,30,12/1/2018,,ctcgttcgctgccacctaagaatactctacggtcacatacggagaacgatcgttggctgccctttgtgcgtccaaacggacgcacggcgctctaaagcgggtcgcgatctttcagattcgctcctcgcgctttcagtctttgttttggcgcatgtcgttatcgcaaaaccgctgcacacttttgcgcgacatgctctgatccccctcatctgggggggcctatctgagggaatttccgatccggctcgcctgaaccattctgctttccacgaacttgaaaacgcttactgttgaccagacaaacccattgttttagagctagctattcgagaaagtttcagatcccgtgttccgtgtagcaagttaaaataaggctagtccgttatcaacttaaaccttaccacaatttcaccattcacataagcacaagtggcaccgagtcggtgcttttttaggttctcggtaccaaattccagaaaagagacgctttcgagcgtcttttttcgttttggtccgcttcaagacgctggctctgacatttccgctactgaactactcg,FALSE,0,0,559
O14,Bg2vscaff7-8,assembled with BsaI,,,,30,12/1/2018,,caagacgctggctctgacatttccgctactgaactactcgggagacattgattatttgcacggcgtcacactttgctatgccatagcatttttatccataagattagcggatcctacctgacgctttttatcgcaactctctactgtttctccataccgtttttttgggctagctactgttgaccagacaaacctagtgttttagagctagctattcgagaaagtttcagatcccgtgttccgtgtagcaagttaaaataaggctagtccgttatcaacttaaaccttaccacaatttcaccattcacataagcacaagtggcaccgagtcggtgcttttttaggtccaattattgaacacccttcggggtgtttttttgtttctggtctgccgcttcctcgtctcaaccaaagcaatcaacccatcaaccacctgg,FALSE,0,0,437
